{"cameraMode":{"drawMode":0,"name":"Shaded","section":"Shading Mode"},"sceneLighting":true,"audioPlay":false,"sceneViewState":{"showFog":false,"showMaterialUpdate":false,"showSkybox":false,"showFlares":false,"showImageEffects":false,"showParticleSystems":false},"in2DMode":false,"pivot":{"x":0.4762074053287506,"y":0.5696414113044739,"z":-4.003498077392578},"rotation":{"x":-0.001972808735445142,"y":-0.9978168606758118,"z":0.0557541586458683,"w":-0.03534342721104622},"size":5.078941822052002,"orthographic":false}