{"cameraMode":{"drawMode":0,"name":"Shaded","section":"Shading Mode"},"sceneLighting":true,"audioPlay":false,"sceneViewState":{"showFog":false,"showMaterialUpdate":false,"showSkybox":false,"showFlares":false,"showImageEffects":false,"showParticleSystems":false},"in2DMode":false,"pivot":{"x":0.013965305872261525,"y":0.7717511057853699,"z":-2.0519556999206545},"rotation":{"x":0.00022399633598979563,"y":-0.9980834722518921,"z":0.06177755817770958,"w":0.003588206833228469},"size":2.888935089111328,"orthographic":false}