{"cameraMode":{"drawMode":0,"name":"Shaded","section":"Shading Mode"},"sceneLighting":true,"audioPlay":false,"sceneViewState":{"showFog":false,"showMaterialUpdate":false,"showSkybox":false,"showFlares":false,"showImageEffects":false,"showParticleSystems":false},"in2DMode":false,"pivot":{"x":-1.150146484375,"y":0.29353415966033938,"z":-3.3104445934295656},"rotation":{"x":0.012669958174228669,"y":-0.9845001697540283,"z":0.08023412525653839,"w":0.15543952584266663},"size":5.378942012786865,"orthographic":false}