{"cameraMode":{"drawMode":0,"name":"Shaded","section":"Shading Mode"},"sceneLighting":true,"audioPlay":false,"sceneViewState":{"showFog":false,"showMaterialUpdate":false,"showSkybox":false,"showFlares":false,"showImageEffects":false,"showParticleSystems":false},"in2DMode":false,"pivot":{"x":2.5030643939971926,"y":-0.00009500980377197266,"z":-2.060213088989258},"rotation":{"x":-0.05118107795715332,"y":-0.9136240482330322,"z":0.1215999647974968,"w":-0.38455837965011599},"size":5.978942394256592,"orthographic":false}