{"cameraMode":{"drawMode":0,"name":"Shaded","section":"Shading Mode"},"sceneLighting":true,"audioPlay":false,"sceneViewState":{"showFog":false,"showMaterialUpdate":false,"showSkybox":false,"showFlares":false,"showImageEffects":false,"showParticleSystems":false},"in2DMode":false,"pivot":{"x":0.40658843517303469,"y":0.36982232332229617,"z":-1.0530221462249756},"rotation":{"x":-0.03193073347210884,"y":-0.9673981666564941,"z":0.1584194004535675,"w":-0.19499893486499787},"size":2.588935136795044,"orthographic":false}