{"cameraMode":{"drawMode":0,"name":"Shaded","section":"Shading Mode"},"sceneLighting":true,"audioPlay":false,"sceneViewState":{"showFog":false,"showMaterialUpdate":false,"showSkybox":false,"showFlares":false,"showImageEffects":false,"showParticleSystems":false},"in2DMode":false,"pivot":{"x":1.2728652954101563,"y":0.5053870677947998,"z":-1.6497702598571778},"rotation":{"x":-0.017540253698825837,"y":-0.9622078537940979,"z":0.06390514969825745,"w":-0.2641299366950989},"size":3.7889349460601808,"orthographic":false}