{"cameraMode":{"drawMode":0,"name":"Shaded","section":"Shading Mode"},"sceneLighting":true,"audioPlay":false,"sceneViewState":{"showFog":false,"showMaterialUpdate":false,"showSkybox":false,"showFlares":false,"showImageEffects":false,"showParticleSystems":false},"in2DMode":false,"pivot":{"x":0.6717203259468079,"y":0.4577232599258423,"z":-1.468251347541809},"rotation":{"x":-0.024889212101697923,"y":-0.9640159606933594,"z":0.0975203737616539,"w":-0.24605615437030793},"size":2.888935089111328,"orthographic":false}